Ticker,Title,Post_Date,Upvotes
AAPL,Bears feasting on AAPL next week confirmed,2020-09-26,21048
AAPL,Someone purchased $1.3 BILLION worth of $AAPL stock on Friday at the closeüòÆ,2022-12-04,20782
AAPL,SHORT $AAPL,2019-01-29,8194
AAPL,I trade AAPL for a living,2020-10-14,8120
AAPL,LOONNNGG AAPL,2018-10-13,7372
AAPL,Long $AAPL,2019-06-05,7317
AAPL,Good thing $AAPL makes up 8% of the S&P 500:,2023-06-06,6861
AAPL,"$AAPL Vision Pro, letting me lose my savings in VR",2024-02-05,6409
AAPL,AAPL : the only DD you'll ever need,2023-06-06,5811
AAPL,"Feel bad about missing a play? Be inspired by the highly regarded Nolan Bushnell, who declined an offer to buy a third of $AAPL for $50k",2023-05-09,5737
AAPL,I wonder why AAPL is cratering,2023-09-12,5001
AAPL,"$AAPL initiated with buy rating at Goldman Sachs, price target $199",2023-03-06,4071
AAPL,Snoop Dogg using Robinhood infinite leverage glitch for OTM puts on AAPL earnings GUH,2021-03-18,4011
AAPL,I do technical analysis so you don‚Äôt have to -Saturday edition. FB + AAPL,2020-09-26,3811
AAPL,Apple's head of iphone and Apple watch design leaving the company $AAPL,2023-12-09,3765
AAPL,Update on AAPL üçè,2019-01-30,2928
AAPL,People who stayed in during the AAPL event,2020-10-14,2862
AAPL,Nancy Pelosi nailed the exact NASDAQ bottom on May 24th buying $AAPL and $MSFT calls.,2022-06-06,2698
AAPL,"YOLOing my $30k house down payment on AAPL and CLOV, bank said I can't buy house for 3 months after forbearance.",2021-04-19,2246
AAPL,44k AAPL Short,2023-02-02,2160
AAPL,Berkshire Hathaway cuts AAPL position by 13%,2024-05-04,2093
AAPL,"Bought puts on AAPL and calls on F, GOOG and AMZN yesterday, got all 4 wrong",2023-02-03,2044
AAPL,Puts on AAPL until they release Apple Vision,2023-06-06,1994
AAPL,"Steve Jobs still provides $AAPL support from Egypt,",2019-08-28,1984
AAPL,AAPL to the rescue today,2021-11-30,1841
AAPL,"For my next trick, I'll set $107,000 on fire. 200 x AAPL $305 Calls expiring tomorrow.",2020-05-15,1837
AAPL,RIP $AAPL üíÄ,2023-12-21,1752
AAPL,This is what will ACTUALLY happen to TSLA and AAPL on Monday open,2020-08-31,1753
AAPL,Me watching my AAPL puts,2022-09-29,1745
AAPL,JPOW usually reads from his beloved paper sheets. Today he's reading from an iPad. $AAPL Calls. Highly regarded.,2023-09-20,1715
AAPL,Fidelity is glitched right now if you have AAPL or TSLA shares. It says that I‚Äôm a millionaire,2020-08-29,1689
AAPL,$AAPL to the moon,2023-06-07,1580
AAPL,$AAPL üçè is literally saving my ass from the $WISH buttfucking üíéüíé,2021-07-08,1376
AAPL,AAPL Earning Here I Come üçè,2019-01-29,1377
AAPL,big $AAPL short squeeze tomorrow confirmed before bear feast,2020-09-27,1292
AAPL,AAPL vs. the entire Australian stock exchange,2020-12-06,1260
AAPL,How to play extremely high-risk FDs with 1000% upside. With $JNJ and $AAPL as examples.,2018-04-22,1248
AAPL,Burry‚Äôs Portfolio with AAPL Short,2022-07-17,1132
AAPL,AAPL currently showing a Bart Simpson formation and is primed for a Homer breakout,2023-08-02,1091
AAPL,YOLO $AAPL PUTS UPDATE,2023-04-12,1087
AAPL,Vision Pro‚Äôs coming. What are your AAPL moves??,2024-01-21,1086
AAPL,$AAPL Investors right now,2018-02-01,953
AAPL,I just bought elongated puts AAPL,2022-11-29,932
AAPL,FTFY: AAPL is looking good these last few months,2018-12-24,913
AAPL,I Jelq AAPL for a living,2020-10-15,913
AAPL,"$AAPL trying to stop the bleeding, unloading all the news for the month in one day",2021-09-14,890
AAPL,Dear TSLA AAPL tards,2020-09-03,885
AAPL,"As promised, here is my take in from my 5 AAPL Puts as promised",2019-01-03,838
AAPL,Trying to jump on that AAPL upswing like,2017-09-22,818
AAPL,$90k AAPL puts yolo,2022-12-01,791
AAPL,Where's the guy who swore AAPL puts will print today? Guess we still have a few hours of life support ,2024-06-12,782
AAPL,AAPL NVDA AMZN PUTS üè¶üè¶üè¶üè¶,2023-09-15,773
AAPL,AAPL PUTS. Almost 100k in gains,2025-04-04,763
AAPL,AAPL Earnings prayer circle,2018-02-01,756
AAPL,Sold my AAPL and INMD to join you retards.,2021-01-26,746
AAPL,APPLE CONFIRMS COLLABORATION WITH CHATGPT $AAPL $MSFT,2024-06-10,731
AAPL,when you long $TSLA $FB $AAPL,2021-12-10,723
AAPL,"16K into AAPL calls, 8k into Shares",2020-09-06,679
AAPL,$AAPL Doesn‚Äôt Deserve $180 Change My Mind,2018-04-30,668
AAPL,How did Steve Jobs get away with selling all of his AAPL stock prior to becoming CEO again in '97?,2014-07-30,9
AAPL,"Purchased 50 AAPL MAR15 125 CALLs, anyone else long Apple calls?",2014-12-31,2
AAPL,What companies should AAPL consider purchasing? [discussion],2015-02-16,2
AAPL,"AAPL Stock Split on June 9, 2014.",2015-12-22,2
AAPL,"With MSFT, AAPL AMZN, GOOGL and FB making up more than 1/5 of the S&P500, what are practical ways to de-risk your portfolio from this imbalance?",2020-08-28,1758
AAPL,"$AAPL didn't double their profit, but doubled their stock price.",2020-09-17,1423
AAPL,AAPL Lowers Q1 Guidance,2019-01-02,801
AAPL,Warren Buffet loads up on AAPL purchasing 9.81 million shares,2016-05-16,561
AAPL,Time to take AAPL gains and GTFO?,2021-08-09,386
AAPL,"What is a True Market Leader (TML) + And how to find them? (Ex. SHOP 2016-2020, ZM 2020, AAPL 2005-2012",2020-11-08,328
AAPL,AAPL Proves Wall Street is Nuts,2014-06-05,273
AAPL,I think AAPL is at its peak and starts to show bearish signs,2021-06-03,242
AAPL,AAPL jumps after earnings and revenue beat,2019-01-29,201
AAPL,"COVID-19 making $FB, $GOOGL, $AAPL and $AMZN look better in Washington",2020-04-13,189
AAPL,AAPL tanking after hours,2013-01-23,180
AAPL,"$AAPL - Raymond James raise estimates ahead of iPhone 12 launch on ""favorable mix""",2020-09-22,184
AAPL,AAPL has lost all their 2015 gains,2015-12-18,164
AAPL,$AAPL - iOS14 changes could cut app ad monetization by 50%,2020-07-06,163
AAPL,AAPL hits the historical highs due to expectations of high sales of iPhone X. Market cap tops $860 billion,2017-10-30,158
AAPL,AAPL to join Dow Jones Index,2015-03-06,144
AAPL,AAPL is now worth more than entire US energy sector,2019-11-15,141
AAPL,A serious analysis of AAPL,2014-09-05,128
AAPL,Berkshire has $48.5 billion of its $192 billion invested in AAPL as of March 31,2019-05-04,120
AAPL,I made a table showing AAPL on every day of an iPhone & iPad announcement (with S&P 500 comparison),2013-09-11,114
AAPL,Apple invests $1B in Uber's biggest rival in China - AAPL car coming?,2016-05-13,81
AAPL,AAPL well positioned to outperform in 2020 despite its massive run in 2019,2020-01-06,78
AAPL,AAPL keynote timelapse with live stock chart,2016-09-18,62
AAPL,AAPL earnings are in. $46.3 vs $38.9 est,2012-01-24,64
AAPL,Apple $AAPL teaming up with LiquidMetal $LQMT to work on their new car project. Investment opportunity?,2015-02-23,57
AAPL,"If Obama announces tax repatriation holiday, what does that mean for a company like AAPL with so much cash abroad?",2013-07-30,55
AAPL,"If AAPL has over $200 billion in cash, why should the Fed raising interest rates influence their business and consequently lower their stock price?",2015-09-25,52
AAPL,"Is AAPL now ""cheap""? - charts inside",2018-11-30,52
AAPL,AAPL took dip after WWDC. ,2024-06-10,48
AAPL,AAPL starting to move horizontally. Has the bottom been reached?,2013-07-01,44
AAPL,At what point will Buffett sell AAPL and what will happen then? Past examples?,2019-01-06,47
AAPL,$AAPL is still shitting the bed ...,2016-05-12,41
AAPL,AAPL Shoots up 3% on news that AAPL might consider Einhorn's proposal to issue preferred stock,2013-02-07,40
AAPL,AAPL Shoots up 3% on news that AAPL might consider Einhorn's proposal to issue preferred stock,2013-02-07,40
AAPL,People with $AAPL in their portfolio - what was your buying price and how do you feel about it today?,2016-02-27,38
AAPL,AAPL tanking through two bearish thresholds,2015-08-04,41
AAPL,$AAPL - Needham says House Report on Antitrust should not impact Apple,2020-10-07,34
AAPL,Has AAPL settled into a new norm of irrational clusterfuck?,2012-12-05,37
AAPL,Buy AAPL in front of 4:1 stock split. Stock splits add 8% in first year following split.,2020-08-07,1650
AAPL,"AAPL - 26,527.62% return over 25 years",2025-01-31,986
AAPL,AAPL is at 52-week low!,2022-12-22,863
AAPL,I SOLD AAPL :(,2022-08-17,833
AAPL,"The moment AAPL announced ending partnership with INTC, INTC stock price ... JUMPED by 1%",2020-06-22,798
AAPL,"China plans to expand its ban on iPhones, AAPL drops 3%+",2023-09-07,773
AAPL,AAPL price drops 5% as it beats earnings,2020-10-29,762
AAPL,AAPL reaches all time high in pre-market trading,2023-06-05,671
AAPL,Apple / AAPL - short term outlook,2021-12-12,650
AAPL,AAPL stock continues climb to $3T with new trading highs,2023-06-23,531
AAPL,How far do you think MSFT and AAPL could fall?,2022-05-07,515
AAPL,Is $AAPL able to grow much more?,2021-10-31,486
AAPL,Is AAPL due for a bounce?,2021-03-09,429
AAPL,AAPL receives $10B a year from GOOG to make Google‚Äôs homepage the default page on Safari.,2020-10-24,402
AAPL,"What is a True Market Leader (TML) + And how to find them? (Ex. SHOP 2016-2020, ZM 2020, AAPL 2005-2012",2020-11-07,398
AAPL,"QCOM Vs. AAPL settlement. How I lost the opportunity to make $50,000 on a very stupid decision",2019-04-16,375
AAPL,Are you worried about AAPL long term? ,2024-05-08,353
AAPL,MSFT GOOGL and AAPL are still all beating the market!,2022-11-03,322
AAPL,AAPL is nearing all time highs - thoughts?,2022-08-15,304
AAPL,Underestimating AAPL,2024-06-10,294
AAPL,AAPL price dump after VR headset reveal,2023-06-05,271
AAPL,"With decline in smartphone sales, how is AAPL poised to tackle this?",2024-06-09,266
AAPL,"UBS upgrades AAPL to 'Buy,' raises price target on iPhone stability & auto opportunity",2021-03-31,262
AAPL,$AAPL where does it go second quarter? Warren Buffett continues to love it. $BRK.B,2023-05-07,262
AAPL,How did AAPL gain close to 1 trillion in market cap since 2019?,2020-08-11,257
AAPL,Epic games sues Apple. Will we see AAPL come down in price tomorrow?,2020-08-13,245
AAPL,Should I Buy AAPL Shares,2021-10-23,241
AAPL,Does anyone think AAPL is a buy now?,2023-08-07,213
AAPL,AAPL is now less than 5% off of its highs,2022-03-24,211
AAPL,Is AAPL a good buy right now?,2021-11-29,207
AAPL,"For the first time in 2 decades, GOOG has a higher P/E ration than AAPL, and MSFT is Americas most valuable brand over AAPL",2021-11-06,200
AAPL,Good thing $AAPL makes up 8% of the S&P 500:,2023-06-06,2803
AAPL,"S&P 500 almost entirely red again, with the exception of AAPL and PFE",2021-11-30,1609
AAPL,After GOOG missed its earnings report yesterday it‚Äôs all about AAPL tmrw to see if we potentially enter bear territory,2022-04-27,882
AAPL,Apple new laptop sales 50% below expectations. How is $AAPL worth $3T? iPhone sales are also struggling!,2023-07-28,717
AAPL,"Buy the dip on AAPL? it shows long periods of up trend and corrects for very short periods. A correction in AAPL typically lasts about a month. Now that AAPL has started trending down, a good strategy could be to buy this dip and start writing covered calls once it turns Bullish.",2021-02-21,494
AAPL,"Buy the dip on AAPL? it shows long periods of up trend and corrects for very short periods. A correction in AAPL typically lasts about a month. Now that AAPL has started trending down, a good strategy could be to buy this dip and start writing covered calls once it turns Bullish.",2021-02-21,494
AAPL,Welcome to market volatility! AAPL the lone bright spot in an otherwise sea of red today!,2016-09-13,107
AAPL,"Quick Observation on $AAPL Weekly Chart: $AAPL weekly Williams %R = -87. Last time weekly close less than -80 was Mar 16, 2020, next week went up 8%. Second to last time was May 28 2019, next week went up 10%. Cases circled in blue highlight. What will happen next week? __________ $SPX $SPY $QQQ $NQ",2021-03-19,83
AAPL,"Quick Observation on $AAPL Weekly Chart: $AAPL weekly Williams %R = -87. Last time weekly close less than -80 was Mar 16, 2020, next week went up 8%. Second to last time was May 28 2019, next week went up 10%. Cases circled in blue highlight. What will happen next week? __________ $SPX $SPY $QQQ $NQ",2021-03-19,83
AAPL,AAPL the compounder,2020-06-13,27
AAPL,What Did Buffett See in AAPL in 2016? Coca-Cola,2023-06-11,10
AAPL,AAPL Gets New CEO,2011-08-25,10
AAPL,Price To Sales And Operating Margins: AAPL And AMZN,2011-09-25,3
AAPL,AAPL Debt/Equity and Buffet's rules,2018-06-09,0
AAPL,"Covered calls are good for getting called away, not so great for income. AAPL example.",2021-04-09,679
AAPL,"The blood bath today.....at one point my AAPL calls (my portfolio) dropped by 30%, but at last I held! Can someone explain to me the AAPL drop today? I thought the event was great, but somehow it dropped hard",2021-04-20,545
AAPL,"The blood bath today.....at one point my AAPL calls (my portfolio) dropped by 30%, but at last I held! Can someone explain to me the AAPL drop today? I thought the event was great, but somehow it dropped hard",2021-04-20,545
AAPL,AAPL option traders caused market makers to net buy 2.2 million shares,2020-09-02,358
AAPL,NIO beats AAPL and FB on the option leader-board today,2020-08-25,243
AAPL,Are you guys holding AAPL up until earnings ?,2021-07-12,232
AAPL,AAPL calls,2020-11-23,183
AAPL,AAPL split and options question,2020-07-30,177
AAPL,EXTRA - Nancy Buys TSLA & AAPL Options,2021-01-24,163
AAPL,I have 4 contracts AAPL Jan 21 2022 120 Call that I bought at top of this year for $5k and they're up 150+% right now.,2021-09-04,148
AAPL,AAPL 155c 8/27 for .11 cents!?,2021-08-24,133
AAPL,Advice request on AAPL call option,2021-07-02,113
AAPL,"FB, AMZN, AAPL Technical Analysis",2020-11-16,100
AAPL,AAPL leaps gone...bad?,2021-10-10,102
AAPL,Are LEAPs on SPY and AAPL going to work in the current market condition?,2022-09-20,100
AAPL,AAPL 4/25 Calls: $17K in one day! Should I hold on to it or leave it in my pocket?,2025-04-22,94
AAPL,Foolish to sell weekly covered calls on AAPL just to make some extra money?,2021-12-26,93
AAPL,AAPL stock split options adjustment announced by OCC,2020-08-01,75
AAPL,Analysis of AAPL bullish option plays and they don't look good,2020-09-13,72
AAPL,Due Diligence Post: AAPL,2021-03-31,73
AAPL,Put Options on AAPL,2022-08-18,66
AAPL,"SPY and NVDA, AAPL Monday movement",2025-04-12,65
AAPL,AAPL CALLS,2021-04-13,65
AAPL,10 contracts of AAPL gone bad,2019-05-29,63
AAPL,"Expected moves into earnings vs recent history for GOOGL, FB, AAPL and AMZN",2020-07-29,57
AAPL,Have 100 shares of AAPL to sell. Would it make sense to sell a call option instead of market order?,2024-08-01,58
AAPL,AAPL Earnings Play,2021-04-22,59
AAPL,Sell or Wait AAPL 03/17/2023,2021-12-08,61
AAPL,$AAPL call options not looking good I‚Äôm in a 200/205 long call spreads expiring in Feb 19. This sell off is brutal,2018-11-23,54
AAPL,AAPL vs AMD Jan 19 2024 Leaps?,2022-03-20,55
AAPL,AAPL cash secured put with the goal to be assigned,2020-10-12,58
AAPL,Options For The 5 Big Techs. $MSFT $FB $GOOGL $AMZN $AAPL,2021-04-23,51
AAPL,Time to fire up the AAPL volatility harvester man  - target the $200 gamma wall like a laser..,2025-04-11,54
AAPL,To sell or not to sell... that‚Äôs the question with $AAPL calls.,2018-08-30,43
AAPL,AAPL leap down 50%,2024-02-15,42
AAPL,Sold my first Naked Put on AAPL,2021-05-04,42
AAPL,"I have made a decent amount on AAPL calls, earnings is on Tuesday should I sell? Sell half? Let it roll? Buy puts to hedge?",2021-07-25,48
AAPL,$AAPL Earnings Play,2021-01-20,42
AAPL,AAPL LEAPS 2021/2022 time frame.,2019-05-15,39
AAPL,Best time to close AAPL Put spread today,2018-11-02,37
AAPL,Is AAPL C 180@16 Dec 22 a good move?,2022-09-10,39
AAPL,187.5 puts on AAPL,2024-05-16,39
AAPL,AAPL $520 call options for December this year,2020-08-11,32
AAPL,AAPL LEAPS,2021-03-23,35
AAPL,Advice on AAPL Leaps?,2021-04-06,37
AAPL,Your thoughts on AAPL,2021-12-25,201
AAPL,How to Properly get in on a trend day and NOT fight it using a TTO pattern (details in images). This example is from AAPL yesterday. Please ask questions!,2022-10-29,186
AAPL,I'm bullish on AAPL - Here's why...,2020-11-30,122
AAPL,3/28/2022 AAPL 5min chart. Spotted a perfect reversal with great award risk ratio. What do you thinkÔºü,2022-03-28,71
AAPL,AAPL Earnings Moves Recap,2023-08-03,50
AAPL,11/13 Watchlist: $QDEL $OXY $BABA $PLUG $PTON $AAPL $LI $XPEV $NIO $MRNA,2020-11-13,44
AAPL,Trade Review: $AAPL 127p under 128.74 (thoughts in comments),2022-12-28,37
AAPL,anyone else seeing this on AAPL today?,2025-05-01,33
AAPL,$AAPL trading like rates got cut to zero and $11 trillion in monetary and fiscal stimulus were launched.,2023-06-30,26
AAPL,Day trading AAPL with 100k,2022-07-07,23
AAPL,"Anyone watch and trade $AAPL? My question is, in history, does $AAPL generally go up or down after earnings?",2021-07-22,23
AAPL,After TSLA AAPL actually split do you think the price will go up? Or do you think it will drop?,2020-08-26,15
AAPL,"for a 6 figure account, wouldn't daytrading AAPL be a relatively safe strategy?",2021-03-07,16
AAPL,QQQ and AAPL Calls 91% üëÄgain on my account :) I‚Äôm new to options,2024-07-11,13
AAPL,Had my First Decent Live Trade on Thursday with AAPL - Am I Messing with the TP/SL Too Much?,2024-02-24,13
AAPL,how do you explain this off behaviour in AAPL today?,2025-05-01,13
AAPL,AAPL 45 Min - PRE MARKET 7/21/2020 - Appears to be: Rising Wedge Pattern? Minor resistance at $395 - Minor support at $385. Today‚Äôs Range in play $397 to $378 still in play. We are looking to stay above $382 today if we break down from $382 we could see $378. $AAPL #AAPL #DayTrading,2020-07-22,12
AAPL,AAPL 45 Min - PRE MARKET 7/21/2020 - Appears to be: Rising Wedge Pattern? Minor resistance at $395 - Minor support at $385. Today‚Äôs Range in play $397 to $378 still in play. We are looking to stay above $382 today if we break down from $382 we could see $378. $AAPL #AAPL #DayTrading,2020-07-22,12
AAPL,Could‚Äôve been a better day if not stopped out of AAPL before the drop. Swinging DKNG.,2020-06-23,9
AAPL,GSAT on the moves today on news of AAPL partnership,2021-08-30,25
AAPL,COVID Play- AAPL Calls Vs. RLFTF vs CYDY,2020-08-31,14
AAPL,"$APTY, Filings, $AAPL settlement, Speracoin",2021-08-20,3
AAPL,"I've been recording historical options data, here's download link for AAPL for September 2021",2021-10-13,75
AAPL,Is python fast enough to parse all the options for AAPL in 2022 at a five minute interval?,2023-01-24,12
AAPL,$AAPL | Apple to raise dividend.,2021-02-24,313
AAPL,Buying AAPL and MSFT as long term Dividend stocks?,2021-04-25,228
AAPL,Why are so many people recommending AAPL and MSFT?,2021-05-21,182
AAPL,Went all in AAPL,2023-09-27,179
AAPL,Do you consider AAPL to be a Dividend Growth Stock?,2022-04-25,125
AAPL,Any idea why $AAPL jumped so much in price Tues Nov 7?,2023-11-08,81
AAPL,Why is AAPL included in dividend ETFs?,2021-10-31,55
AAPL,AAPL MSFT. No price Apprec‚Ä¶10% dividend raise every year. Outcome after 1-30 years?,2021-06-20,48
AAPL,How does $AAPL stock split affect the diviedends?,2020-08-01,48
AAPL,"AAPL has grown their market cap by $800 billion in the past 60 days. Is the market expecting ""AI"" to grow their net income by an additional $40B a year moving forward?",2024-06-17,338
AAPL,Why isn't Buffett calling Cook out for buying back AAPL at 27 multiple?,2024-05-02,334
AAPL,What price would you start investing into big tech?? GOOG / AMZN / MSFT / META / ADBE / AAPL,2023-10-26,206
AAPL,AAPL is the second most expensive Mag 7 behind TSLA.,2025-03-06,107
AAPL,Sold half of AAPL,2024-09-22,77
AAPL,Breakdown How Warren Buffett achieved a ~30% CARG or an ~5x with his $AAPL Investment,2022-12-23,47
AAPL,Does AAPL now represent good value?,2024-03-25,38
AAPL,AAPL,2021-05-04,39
AAPL,What the slide in sales of iPhones in China means for AAPL,2024-03-08,33
AAPL,Your thoughts on Apple $AAPL,2023-08-04,27
AAPL,Why You Need To Invest In Apple | AAPL Stock Review,2020-08-05,19
AAPL,"OXY's Outsider CEO, Vicki Hollub & Warren Buffett's Next AAPL (Divd Yield - ST: 6%, LT: 11.0%)",2023-04-17,11
AAPL,AAPL a good buy?,2018-12-22,10
AAPL,AAPL Intrinsic Value of 1.7T - DCF of Owner Earnings,2022-12-28,8
AAPL,AAPL 10K clarification required,2024-11-01,8
AAPL,"AAPL, one of Buffet‚Äôs Crown Jewels, held annual developer conference that highlighted these notable software and service updates, designed to increase Apple ecosystem‚Äôs stickiness and brand AAPL as privacy-first social media player.",2021-06-15,4
AAPL,What Did Buffett See in AAPL in 2016? Coca-Cola,2023-06-11,0
AAPL,Created DCF model of AAPL for the first time.,2023-01-02,1
AAPL,AAPL Target value?,2024-02-24,0
AAPL,What is Apple stock worth? Full valuation and discussion of Q2 earnings results. $AAPL,2024-05-03,0
AAPL,may 7 AAPL call (buy),2021-04-30,0
AAPL,"I'm not using margins, but I'm getting -4000 on an AAPL condor I bought at 400$ I was expecting to lose 500 or so, but why am I seeing 40k pop up in my account?",2020-08-08,9
AAPL,Why is AAPL considered a high volatility stock for me???,2016-05-11,6
AAPL,AAPL Option Losses Any Tips,2024-03-26,7
AAPL,Thoughts On AAPL Long-Term,2016-04-05,4
AAPL,"AAPL people, what's the best shortterm play built around the iphone 8 release?",2017-08-29,2
AAPL,Who buys AAPL options regularly? Are they always this fruitful immediately lmao,2020-05-11,2
AAPL,Why did I not recieve all of my AAPL dividend?,2017-05-18,2
AAPL,God I LOVE AAPL,2016-09-15,0
AAPL,Why isn't this flash crash of $AAPL showing up on any other charts other than Robinhood?,2018-01-30,0
AAPL.,"Apple started WWIII so that phones would be destroyed, reducing the average upgrade cycle time. Long $AAPL.",2020-01-04,15904
AAPL.,Chinese Foxconn workers facing off against police at the largest iPhone factory. Puts on AAPL.,2022-11-24,10473
AAPL.,PSA: Short $AAPL. DD attached.,2017-05-23,1575
AAPL.,Right now in Cupertino. AAPL. ,2024-05-02,897
AAPL.,There's more to index funds and stocks than VTI and AAPL. Welcome to the world of small cap value stocks.,2022-10-21,266
AAPL.,Yesterday showed a super clean trade on TSLA. Today I figured I'd show a less cooperative trade in AAPL. Probably more indicative of what an average frustrating trade looks like. Hit me with your feedback about what you would have done.,2019-01-09,20
AAPL.,To teach him about investing I gave my eight year old $250 to invest. He picked a whole share of TGT and partial MSFT (Minecraft driven) and AAPL. Check out these dividends!,2021-12-17,223
AAPL;,AAPL; please stay up this time to keep over 7 figures,2024-08-29,2855
AAPL?,iPhone or $AAPL?,2023-09-14,1140
AAPL?,What the hell do I do now with AAPL?,2012-11-16,43
AAPL?,Sell or Hold $AAPL?,2023-12-10,324
AAPL?,"Buy the dip on AAPL? it shows long periods of up trend and corrects for very short periods. A correction in AAPL typically lasts about a month. Now that AAPL has started trending down, a good strategy could be to buy this dip and start writing covered calls once it turns Bullish.",2021-02-21,494
AAPL?,AAPL?,2021-03-23,52
AAPL?,Is this a bullish pennant forming on AAPL?,2021-08-12,423
AAPL?,"Anyone watch and trade $AAPL? My question is, in history, does $AAPL generally go up or down after earnings?",2021-07-22,23
AAPL?,Can someone explain to me the speculative link between SPAQ / FSR and AAPL?,2020-10-08,2
AAPL?,Buy more AAPL?,2021-08-31,70
AAPL?,ETFs to complement VYM and AAPL?,2017-08-19,2
AAPL?,Blue chip to complement VYM and AAPL?,2017-08-30,1
[$AAPL,WSB summed up afterhours today [$AAPL INSIDE],2017-01-31,878
"(AAPL,","An in-depth look into Tech Investments (AAPL, MSFT, SNE, NOK, and others). See what electronics giants are on a collision course with each other and how it will all play out in the end.",2013-01-15,11
"(AAPL,","Video explaining the huge growth of large cap growth stocks (AAPL, AMZN, MSFT, TSLA, FB, GOOGL)",2020-09-22,961
"(AAPL,","The mean of 100 simulations for each of the three stocks (AAPL, AMZN, MSFT)",2022-10-22,2
(AAPL),"Apple (AAPL) reported its Q3 2018 earnings Tuesday, posting earnings of $53.3 billion revenue on $2.34 earnings per share. That beats analysts‚Äô expectations of $52.31 billion on $2.18 earnings per share.",2018-07-31,1055
(AAPL),Apple (AAPL) to Spend Billions More on Entertainment,2023-03-28,659
(AAPL),Apple (AAPL) Breaks $900B Market Capitalization!,2017-11-09,357
(AAPL),Why is Apple (AAPL) selling bonds? Don't they have billions in cash already?,2014-05-01,131
(AAPL),"Apple (AAPL) beats earnings. Up ~7% aftermarket. Also raising dividends, buyback, and announces 7-1 split",2014-04-23,62
(AAPL),Fun Fact: Apple (AAPL) Is Now Bigger Than The Entire U.S. Retail Sector,2012-03-14,57
(AAPL),(AAPL) insight for tomorrow ,2012-09-12,34
(AAPL),Got Apple (AAPL) stocks for my birthday in 1985. Any chance of recovering them?,2012-03-14,35
(AAPL),"I have $213,000 in Apple (AAPL) stock, should I start to diversify?",2020-10-13,2455
(AAPL),Microsoft (MSFT) and Apple (AAPL) are Now Bigger than Germany‚Äôs Entire Stock Market,2019-12-28,1208
(AAPL),Apple (AAPL) to Spend Billions More on Entertainment,2023-03-28,262
(AAPL),Apple's (AAPL) Rollercoaster: Should You Jump In Now?,2024-06-09,196
(AAPL),Apple (AAPL) - Dividend Scorecard‚ùó,2022-08-21,657
(AAPL),Option traders are expecting a ¬± 5.0% move when Apple Inc. (AAPL) releases earnings today after the market closes,2018-11-01,69
(AAPL),Globalstar (GSAT) Soars on Expanded Agreement with Apple (AAPL),2024-11-01,16
(AAPL),What‚Äôs your thoughts about Apple (AAPL) due recent china restrictions?,2023-09-09,63
(AAPL),Apple (AAPL) circa 2004 the ultimate value play,2024-06-24,39
(AAPL),Why Apple (AAPL) Stock Is Still a Value Play,2017-06-07,7
(AAPL),How is Apple (AAPL) valuation justified????,2022-01-28,0
(AAPL),Apple (AAPL) amateur stock value analysis,2018-04-12,0
"AAPL,","TIL that Sherwin-Williams (the paint company), which was founded in 1884, is up 560% since 2011. This is greater than NFLX, AAPL, GOOG, and nearly on par with AMZN.",2017-11-02,529
"AAPL,","Why is GOOG worth so much less than AAPL, AMZN, MSFT?",2020-08-20,186
"AAPL,","Bill Gates' 13F: AMZN, AAPL, BABA, GOOGL, TWTR",2020-05-24,115
"AAPL,","Anyone else annoyed by all the headlines about which company is the most valuable? AMZN, AAPL, MSFT. Why does it matter?",2018-12-03,100
"AAPL,","Once you remove $AAPL, the S&P 500's year-over-year earnings growth drops from 7.8% to 2.7%. ",2012-03-23,51
"AAPL,","If you could put 3k into AAPL, MSFT, or FB, which would you choose?",2021-11-01,624
"AAPL,","For the first time in 2 decades, GOOG has a higher P/E ration than AAPL, and MSFT is Americas most valuable brand over AAPL",2021-11-06,200
"AAPL,","The reason I invest in AAPL, full store and people waiting to get in.",2022-01-29,2529
"AAPL,","Greenlight Returns 20% With Gains From AAPL, VOD, GM, MRVL",2014-01-02,2
"AAPL,","Made $191K Trading Options on SPY, QQQ, AAPL, and META ‚Äì Finally Found My Rhythm",2025-05-12,441
"AAPL,","Expected moves this week. Earnings: TSLA, AAPL, NIO, SHOP, AMD, FB and more.",2021-04-25,408
"AAPL,","Some big mover earnings next week. $AAPL, $TSLA, $SBUX, $GOOGL, $AMD..... It's a big week, let's talk strategy folks",2021-07-24,204
"AAPL,","Unusual Option Flow Summary for the week: AAPL, ADBE, C, CLDR, ORCL, PBR, WRTC",2020-09-27,144
"AAPL,","Sold a PUT for AAPL, but it didn't get assign to me",2022-05-22,74
"AAPL,","Option Probability Updates on SBUX, QCOM, HIG, GILD, F, CLX, AAPL, AMZN, GOOGL",2023-02-02,64
"AAPL,","I created a Prob OTM heatmap of AAPL, what do you think?",2017-03-09,54
"AAPL,","Historical Post Earnings Moves MEGA Compilation and Analysis (Q2 Week 3) - $TSLA, $AAPL, $AMZN, $MSFT, $GOOG, $FB, $AMD, and More",2021-07-25,46
"AAPL,","Historical Post Earnings Moves MEGA Compilation AND Analysis (Q3 Week 3) - $AAPL, $FB, $AMD, $MSFT, $SHOP, $AMZN, $GOOG and More",2021-10-24,44
"AAPL,","My watchlist for 2/22/2021 -- My favorites are AAPL, ACB, ENR, WPM",2021-02-22,165
"AAPL,","My AI Options Tool Watchlist | AAL, AAPL, NFLX, FSLY, WLL",2020-08-06,112
"AAPL,","Earnings Digest For Options Traders: AMZN, AAPL, KO, MCD & More!",2024-04-27,15
"AAPL,","Go to about the 5 minute mark on this video and then do the math for AMZN, GOOG, AAPL, MSFT, & FB for a 10% annual return from the business (not the stock price) for each one. That‚Äôs why they‚Äôre overvalued.",2021-03-23,18
"AAPL,","AAPL, one of Buffet‚Äôs Crown Jewels, held annual developer conference that highlighted these notable software and service updates, designed to increase Apple ecosystem‚Äôs stickiness and brand AAPL as privacy-first social media player.",2021-06-15,4
"AAPL,","üî¥Live Crypto Market Update #13: STOCKS UP, TESLA, AAPL, NEO, LOOM, THETA",2020-08-24,2
($AAPL;,LotS of tech stocks down ~5% ($AAPL; $AMZN;$GOOG;$MSFT;$TSLA;NVDA). What is going on ?,2017-06-09,433
[AAPL],"Apple [AAPL] sees record weekend sales of iPhone models at 9 million. Blowing past estimates of 6-7 mn, and almost 100% increase over the iPhone 5 launch.",2013-09-23,118
($AAPL),Apple ($AAPL) surge (up 70% YTD),2020-08-21,64
($AAPL),"Apple ($AAPL) in 2027 ‚Äî foldables, smart glasses, and even home robots?",2025-05-11,26
AAPL:,AAPL: What do you expect from tomorrow's presentation?,2016-09-06,37
#AAPL,#AAPL is failing to penetrate the homepod and speaker market controlled by #AMZN and #GOOGL.,2018-09-19,112
#AAPL,AAPL 45 Min - PRE MARKET 7/21/2020 - Appears to be: Rising Wedge Pattern? Minor resistance at $395 - Minor support at $385. Today‚Äôs Range in play $397 to $378 still in play. We are looking to stay above $382 today if we break down from $382 we could see $378. $AAPL #AAPL #DayTrading,2020-07-22,12
AAPL-,Valuation: AAPL- Dec 2013,2013-12-17,10
AAPL-,AAPL- just spent $16 MM buying 1 week 40 delta puts,2020-09-16,220
‚Ä™$AAPL,‚Ä™$AAPL #Apple #alltimehigh ‚Ä¨Next stop Apple $500,2020-08-13,60
(AAPL,"SPY Technical Analysis for Monday May 15, 2023 - The Stock Market Tug-of-War: Will the 409.59 - 408.87 Order Block Hold? (AAPL bonus chart)",2023-05-13,21
AAPL!,Another little montage of the trades I made today on AAPL!,2022-10-05,16
AAPL),"In reality, do SPY stocks (eg AAPL) or futures (ES) lead the other?",2022-04-23,12
AAPL),Apple Inc - A Speculative Analysis (NYSE: AAPL),2021-05-24,138
AAPL),Intuitively Understanding Value Investing (Via Buffett Dumping $AAPL),2024-11-30,67
AAPL),Apple Inc. (Ticker: AAPL) - Brief Breakdown,2021-08-09,6
(AAPL)-,A DCF of Apple (AAPL)- with a look at the substantial risks and opportunities facing the company.,2022-04-05,31
(AAPL)?,What‚Äôs Your Target Price to Invest in Apple (AAPL)?,2025-05-08,30
AAPL...,Fucking AAPL...,2017-09-14,5
