Post_ID,Ticker,Title,Body,Post_Date,Upvotes,Num_Comments
1kyn6um_MRVL,MRVL,MRVL roller coaster,"
> Marvell‚Äôs CEO hinted at Amazon as a key customer and said details on the Microsoft partnership will be shared on June 17.

After close -6% to +1% to -3%

",2025-05-29,6,0
1kygunv_MRVL,MRVL,What happened today to Marvell technology MRVL?,"The setup this morning (EU time) was perfect, external influences or company issues? ",2025-05-29,0,4
1kx0nmt_MRVL,MRVL,"I‚Äôm still here, MRVL Calls 08/15","Was ready to give it up last week, but only had half my money clear for withdrawal so I jumped back in on a couple options. 

P.S what does DD stand for when you‚Äôre adding flare to a post?",2025-05-27,19,11
1kwrpbc_MRVL,MRVL,$MRVL ER Predictions,$MRVL stock may tank after ER this week? anyone got PUTS,2025-05-27,1,3
1kwrpbc_NVDA,NVDA,$MRVL ER Predictions,$MRVL stock may tank after ER this week? anyone got PUTS,2025-05-27,1,3
1kgy14z_MRVL,MRVL,Marvell Technology : it's over ?,"Hello everyone,

I am invested in Marvell Technology because I had confidence in their potential to stand out in the custom chip market, which is a strong trend with various announcements from major tech companies seeking independence from Nvidia. However, even today, the stock is down -10%, just like during the Q4 results release, which wasn‚Äôt bad. It feels like I‚Äôm reliving the same nightmare as with AMD. I heard that the postponement of a conference tanked the stock today. I just want to sell everything and find more attractive investments...

What do you think?",2025-05-07,0,7
1kgy14z_NVDA,NVDA,Marvell Technology : it's over ?,"Hello everyone,

I am invested in Marvell Technology because I had confidence in their potential to stand out in the custom chip market, which is a strong trend with various announcements from major tech companies seeking independence from Nvidia. However, even today, the stock is down -10%, just like during the Q4 results release, which wasn‚Äôt bad. It feels like I‚Äôm reliving the same nightmare as with AMD. I heard that the postponement of a conference tanked the stock today. I just want to sell everything and find more attractive investments...

What do you think?",2025-05-07,0,7
1kgy14z_AMD,AMD,Marvell Technology : it's over ?,"Hello everyone,

I am invested in Marvell Technology because I had confidence in their potential to stand out in the custom chip market, which is a strong trend with various announcements from major tech companies seeking independence from Nvidia. However, even today, the stock is down -10%, just like during the Q4 results release, which wasn‚Äôt bad. It feels like I‚Äôm reliving the same nightmare as with AMD. I heard that the postponement of a conference tanked the stock today. I just want to sell everything and find more attractive investments...

What do you think?",2025-05-07,0,7
1jxe2ti_QCOM,QCOM,My amateurish attempt at pricing/Relative Valuation (MRVL),,2025-04-12,5,2
1jxe2ti_MRVL,MRVL,My amateurish attempt at pricing/Relative Valuation (MRVL),"This is for ACADEMIC PURPOSES and it is NOT financial advice.

This is my first ever relative valuation model. As I‚Äôm still learning, I hope to one day incorporate both relative and intrinsic valuation in my own analysis. During the making of this model, I‚Äôve had many doubts. I‚Äôd appreciate any and all forms of advice, criticisms and feedback.

Here is a link to my model in google sheets : [https://docs.google.com/spreadsheets/d/1MubnGBt9srx36aNuc7-XD7SzZa9rAUjDc3wiFWd\_tD8/edit?usp=sharing](https://docs.google.com/spreadsheets/d/1MubnGBt9srx36aNuc7-XD7SzZa9rAUjDc3wiFWd_tD8/edit?usp=sharing)

The comparables I‚Äôve selected for the fabless semiconductor company Marvell Technologies are acknowledged as competitors that directly compete with MRVL‚Äôs business (Stated in the 10-K). There are a total of 22 companies (including MRVL) and I used ChatGPT to help me pick companies that resemble the closest to MRVL, which brought the sample size down to 8. Would that be a reasonable number? Or would you rather have just simply priced all of its comparables?

Most of the financial data was obtained from Yahoo Finance. One of the main problems that I encounter using data from this is that the fiscal year ending date varies for each comparable. This enables a problem of inconsistency. How should I go about this?

The EV/EBITDA value for MRVL is abnormally high compared to its peers. Additionally, its net income for fiscal year 2023 and 2024 is negative which gives rise to a negative P/E ratio (I use Market Cap / Net Income ). Would these valuation metrics remain feasible to use? Or rather, perhaps there are better alternatives suited for these companies? How about Dividend Yield or EV / FCF?

A relative valuation model does not dictate the true value of a company but rather, it acts as a proxy for how the market perceives it relative to its peers. With reference to my model, if you‚Äôre considering investing in MRVL, you are better off investing in QCOM instead. While QCOM‚Äôs profitability metrics are mediocre compared to NVDA, its valuation metrics remain an attractive option. Do note that this model DOES NOT account for tariffs and market uncertainty (I‚Äôm not sure yet of how to incorporate it into these valuation metrics).

If any of you have ideas on how to optimize the format, or a better idea to justify investing in another company over the other in a detailed manner, I‚Äôd love for you to share your insights. 

",2025-04-12,5,2
1jm7j9l_MRVL,MRVL,MRVL EPS vs Diluted EPS,,2025-03-28,2,2
1hh3kzv_MRVL,MRVL,Went full regard and accidentally bought 500 shares instead of $500 of MRVL. What to do?,,2024-12-18,0,40
1h6feye_MRVL,MRVL,"PREMARKET REPORT 04/12 - Catch up on all the market moving news in premarket including earnings review for CRM & MRVL, macro news and all the company news in one place. All the news here is collated from the Bloomberg Terminal for best accuracy.","MACRO:

* Australia Q3 GDP grew 0.3% vs 0.4% expected, with annualg rowth slowing to 0.8%. This is the weakest pace since 1991. Household spending stalled, contributing nothing to growth. Traders are very bearish on AUDUSD right now. 
* China's services sector growth eased in November, with Caixin Services PMI at 51.5 (prev. 52.0, est. 52.4). Slower new business and export demand tempered expansion, despite policy support
* EURO Services numbemrs came stronger than expected in Eurozone and France, but weaker in Germany. 
* ADP employment numbers out at 1.15pm
* ISM numbers out later after market open, including PMI, and Services Prices paid. 

MAG 7:

* NVDA CFO said yesterday that ""We are not near any point in time now where we are seeing any type of a slowdown
* Said BLACKWELL SUPPLY CONSTRAINTS LIKELY TO LAST INTO NEXT FISCAL YEAR
* AMZN - **AWS announced plans for an ‚ÄúUltracluster,‚Äù a massive AI supercomputer made up of hundreds of thousands of its homegrown Trainium chips. V bullish tailwind for mid term**
* AMZN - Susquehanna reitereates positive rating, PT 230. Says AMAZON Nova outperforms comptitors and is 75% more cost effective. 
* NVDA - and TSM are reportedly accelerating development of the next gen rubin platform, potentially releasing it 6 mo nths early (late 2025vs 2026). NVDA's Rubin is the successor to Backwell and will utilize TSMC‚Äôs 3nm process and advanced packaging technology, featuring a chip size twice that of Blackwell.
* AMZN - CEO Andy Jassy announced that a revamped Alexa will roll out in the ""coming months,"" featuring enhanced capabilities to take actions for users without needing prompts.
* AMZN - JPM says AMZN remains their best idea. Based on solid ecommerce growth



EARNINGS REPORTS:

CRM:  
STRONG RESULTS - SOLID BEATS ACROSS THE BOARD.

* Q4 GUIDANCE MISSED SLIGHTLY, BUT FULL YEAR WAS SOLID¬†
* Key comments around Agentforce, which is probably the main growth driver right now:
* Agentforce, our complete AI system for enterprises, is leading a groundbreaking transformation in digital labor, positioning us at the forefront of AI innovation.""

CURRENT QUARTER:

* Revenue: $9.44B (Est. $9.35B) UP +8.3% YoY BEAT
* Subscription & Support Revenue: $8.88B (Est. $8.82B) UP +9.1% YoY BEAT
* Professional Services Revenue: $565M (Est. $534.1M) DOWN -2.4% YoY BEAT STILL
* Sales Revenue: $2.12B; UP +11% YoY
* Service Revenue: $2.29B; UP +10% YoY
* Current RPO: $30.08B (Est. $30.08B) IN LINE
* Non-GAAP Operating Margin: 33.1% (Est. 32.3%)¬† BEAT
* Adjusted Operating Income: $3.12B (Est. $3.01B) BEAT
* Unearned Revenue: $13.47B (Est. $13.57B) MISS
* Free Cash Flow: $1.78B (Est. $1.66B) BEAT
* Operating Cash Flow: $1.98B (Est. $1.84B) BEAT
* Total RPO: $54.05B (Est. $54.05B) IN LINE

Q4 Guidance:

* Revenue: $9.90B-$10.10B (Est. $10.05B) ; Growth of 7%-9% YoY - SLIGHT MISS, v SLIGHT
* Non-GAAP Operating Margin: 33.1% (Est. 33.1%) IN LINE
* Non-GAAP EPS: $2.57-$2.62 (Est. $2.66) MISS By 2.3% AT MIDPOINT

FY25 Full-Year Guidance:

* Revenue: $37.8B-$38.0B (Est. $37.70B-$38B),Growth of 8%-9% YoY BEAT
* Non-GAAP Operating Margin: 32.9% (Est. 32.8%)¬† BEAT
* Non-GAAP EPS: $9.98-$10.03 (Est. $10.03-$10.11)¬† MISS

CEO Marc Benioff's Commentary:

* ""We delivered exceptional financial performance across revenue, margins, cash flow, and RPO. Agentforce, our complete AI system for enterprises, is leading a groundbreaking transformation in digital labor, positioning us at the forefront of AI innovation.""

CFO Amy Weaver's Commentary:

* ¬†""Our disciplined focus on profitable growth continues to drive results, with non-GAAP operating margin reaching 33.1%. We remain committed to driving shareholder value through consistent financial performance and capital returns.""

Strategic Highlights:

* Expansion of AI-powered tools like Agentforce revolutionizing enterprise operations.
* Strength in subscription and support revenue underpins consistent growth.

  
MRVL:

Big Beat to Q4 EPS and revenue guidance. The stock deserves to be up like this IMO. But watch for some earnings volatility. This is a pure momentum play right now. Should wait for the stock to consoldiate after gap up.

Key comments:

*  Custom AI silicon programs now in volume production, driving strong demand.
* Continued growth in cloud customer demand for interconnect products.
* Positioned for significant growth in FY26 as AI adoption accelerates.

THIS QUARTER

*  Non-GAAP EPS: $0.43 (Est. $0.41) BEAT
*  Revenue: $1.516B (Est. $1.46B) ; UP +7% YoY and +19% QoQ BEAT
* Non-GAAP Gross Margin: 60.5% (Est. 61.1%) MISS
*  Non-GAAP Operating Margin: 29.3% (Est. 29.3%) IN LINE  Q4 Guidance:

 Revenue: $1.8B +/- 5% (Est. $1.65B) ; Growth of +19% QoQ and +26% YoY BIG BEAT

* GAAP Gross Margin: \~50%
* Non-GAAP Gross Margin: \~60% (Est. 61.0%)  MISS
* Non-GAAP Operating Expenses: \~$480M (Est. $470M)  BEAT
*  Non-GAAP EPS: $0.59 +/- $0.05 (Est. $0.52) BEAT  Cash Flow:
* Cash from Operations: $536.3M (Est. $338.1M)  

COMMENTS:  
 ""Our Q3 performance exceeded expectations, with 19% sequential revenue growth driven by robust demand for AI and cloud interconnect products. Looking ahead, we forecast another 19% sequential growth for Q4, marking a significant acceleration to 26% YoY growth. The momentum from our custom AI silicon programs and market-leading interconnect products sets the stage for substantial growth into FY26.""  


*  Custom AI silicon programs now in volume production, driving strong demand.
* Continued growth in cloud customer demand for interconnect products.
* Positioned for significant growth in FY26 as AI adoption accelerates.



OTHER COMPANIES:

* NFLX hits 10m subscribers in Japan, doubled their subscirber count in 4 years. driven by Japanese language content 
* CRM - string of Price target increases across the major research desks following their earnings report
* PLTR -will integrate Amazon Nova Pro's reasoning capabilities with its AI Platform (AIP) Ontology System, enabling smarter workflows in over 40 industries. This collaboration will streamline complex tasks like policy processing for insurance and supply chain reallocations, while ensuring compliance and secure guardrails ""
* MRVL seeing storng Price target upgrades, raised to 120 from 90 by Raymond James. 
* Morgan Stanley came out cautious on it though, said its seeing high valuations and Market share risk in 2026, which is keeping them as Equal weight. 
* CHWY - increased its FY24 revenue outlook to $11.79B-$11.81B (prev. $11.6B-$11.8B, consensus $11.76B) and raised its adjusted EBITDA margin forecast to 4.6%-4.8% (prev. 4.1%-4.3%).
* JBLU - reports STRONGER BOOKINGS FOR NOV-DEC TRAVEL, RAISES Q4 OUTLOOK. Stronger bookings driven by improved close in demand, strong thanksgiving performance and exceeded December expectations. 
* Narowed Q4 reveneu decline estimates to -2% to -5% decline vs -3% to -7% decline. This due to lower fuel costs per gallon estiamtes. 
* So still expects decline, but less so than expected
* DOCS - Doximity initiated with a Neutral at Mizuho PT 55
* BX - UNicredit expands partnership with Blackstone in Italy. 
* LLY 's Zepbound beats NVO's Wegovy in first head to head trial. Over 72 weeks, participants on Zepbound achieved an average 20.2% body weight reduction (50.3 lbs), compared to 13.7% (33.1 lbs) for Wegovy.
* CMG - Chipotle raise menu prices at 20% of stores, says Truist. Increase of price is by about 2% with broader rollout expected. The move is supported by strong Nov traffic and should boost estimates for Q4 eps.
* GM - to take over 5B in charges related to China BUisness restructuring. expects to record $5.3‚Äì$5.6 billion in charges tied to its China JVs in Q4 2024.
* NNE - NANO Nuclear Energy Executives to Present at the Benchmark Company‚Äôs 13th Annual Discovery One-on-One Conference on December 11th, 2024, in New York City
* SMCI - Supermicro committee findings positive 'on a variety of fronts,' says Wedbush Neutral $24 PT
* HIMS - The American Diabetes Association (ADA) is telling Doctors and Patients not to¬† use compounded GLP-1's. The ADA‚Äôs statement seeks to provide guidance for health care professionals and people with diabetes and/or obesity
* SBUX - positive coverage on CNBC Fast money yesterday
* PSTG - upgraded to overweight from netural after PT, raised PT to 76 from 56. Main comments. FQ3 results were better than expected given traditional sales, but lead metrics struggled. Nonetheless, we are upgrading PSTG from Neutral to Overweight
* UNH - projects 2025 revenue of $450B-$455B and adjusted EPS of $29.50-$30.00, aligning with prior forecasts but slightly under Street estimates ($29.92 midpoint). Net EPS is guided at $28.15-$28.65. Cash flow from operations is expected at $32B-$33B. 
* ROKU - PT 100, NEEDHAM Expects it to be purchased for a large premium in 2025
* Volkswagen - Recalls 4,616 vehicles in the US due to potential battery overheating/fire risk.
* ODFL november performance - LTL tons/day: -8%, LTL shipments/day: -6.8%, LTL weight/shipment: -1.2%
* LUNR - down as they offer 9.523 million shares at $10.50 each as part of fund raise. 
* GS - CEO David Solomon sold 6,550 shares at $610.91/share
* IREN - issues $300M in convertible senior notes due 2030
* NXPI and TSM - Discussing $8B Singapore venture expansion amid U.S.-China tech tensions. 

OTHER NEWS:

* BOE governor Andrew Baiely expects 4 rate cuts in 2025 if inflation trends continue, noting CPI has dropped from 11.1% in late 2022 to 2.3% in October, slightly above the 2% target.
* BofA say Friday's NFP is expected to be noisy or anomalously strong due to reversal of storm and strike impacts. 
* Japan to ease Visa requirements for CHinese tourists

",2024-12-04,9,0
1d481bl_MRVL,MRVL,MRVL earnings today (5/30) - Up or Down?,MRVL seems to be the only semi stock that hasn't broken ATH. MRVL would need to have great guidance on top of good EPS/Rev in order for SP to jump. It did have decent numbers and guidance last time and tanked. Some stocks that beat also tanked after open today. DELL is also reporting after hours with MRVL (at its all time highs). IV is nearly 200% on weekly options. Anyone currently playing this earnings?,2024-05-30,4,10
1cy2kmf_MRVL,MRVL,Marvell (MRVL US) vs. Alchip (3661 TT) ‚Äì Who is the AWS ASIC Winner?,,2024-05-22,6,1
1bz4jjf_MRVL,MRVL,Marvell #MRVL needs to come down a bit to be a bargain,,2024-04-08,4,3
1b92fg4_MRVL,MRVL,"Marvell Technologies (MRVL) gains, diamond hands",,2024-03-07,129,104
1b956ox_MRVL,MRVL,AVGO and MRVL ER party thread!,,2024-03-07,43,77
1b8vsp8_MRVL,MRVL,MRVL & MDB earnings tonight. Last shot for riches,"Woopsie I shit the bed again hihihihi

It's the 4th quarter right now, where champions are made, where destinies are determined. Let's finish this season strong baby. Am I the only one who is sensing a deja vu moment right now? LMND & AAP (0/2) -> SNOW, AI & PARA (3/3)???

Today Ive got 2 companies that I‚Äôll be gambling on, they both report right after the bell today: Marvell Technology & MongoDB.

&#x200B;

1. **MRVL** \- I've never heard of them, you've never heard of them, but these fellas make semiconductors. Chips -> AI -> BRRRRRRR. I'm getting ARM vibes off this one. Add to this, one of my favorite movies is Avengers Infinity War. Even though I've only watched like 3 Marvel movies before seeing this one, it was very very entertaining. They got a dwarf playing a dwarf on a dwarf planet; now that's called good writing. Earnings are gonna be marvelous tonight boys
2. **MDB** \- Okay so MongoDB is a software company, and we all know what that means..... Yes I messed it up with CRWD, but that one was Wall Street's dark horse to save the industry. Aside from CRWD & NET, software/cloud companies keep getting slaughtered after earnings, and I know not all cloud companies are the same, but who the fuck cares, they all keep going tits up. It aint gon be different tonight, so expect red dildos.

[rest in peace ChadwicküïäÔ∏è](https://preview.redd.it/cayjgi347wmc1.jpg?width=750&format=pjpg&auto=webp&s=e144048303d350c0aaf4d2926275fdcf00e5fa7d)

&#x200B;

&#x200B;

**TLDR: MRVL goes up, MDB goes down**

&#x200B;

&#x200B;

My positions:

[using 5x leveraged CFD's, $13.5k exposure](https://preview.redd.it/9ehkgy1rgxmc1.png?width=735&format=png&auto=webp&s=13060c5e62c815edb844e7572687476938f09d7b)

&#x200B;

&#x200B;

God bless America

&#x200B;

&#x200B;

*Not financial advice*",2024-03-07,372,387
1b97hfm_MRVL,MRVL,I had YOLO 90k into MRVL calls,,2024-03-07,64,55
1b8x6hm_MRVL,MRVL,10K $MRVL FD YOLO Earnings Play + 10K $NVDA FD YOLO Gain (2DTE Degen Play),"**CURRENT OPEN POSITION**

10K MRVL Earnings YOLO

[1DTE: Opened this morning](https://preview.redd.it/10t9lei7ixmc1.png?width=1206&format=png&auto=webp&s=27bf4b4471ef138e33b0048f21a67e07286a4b60)

&#x200B;

25K NVDA FD Gain (2DTE): Closed out for 10K gain this morning.

[https:\/\/www.reddit.com\/r\/wallstreetbets\/comments\/1b8buui\/final\_25k\_full\_port\_yolo\_nvda\_90000\_c\_expiration\/](https://preview.redd.it/a5vtywtyhxmc1.png?width=1241&format=png&auto=webp&s=1bcb380f39d16b3ebaeddc7351585c416861d05a)

This is the turnaround.

**EDIT**  
This is now a 20K YOLO.

[10K in ATM, 10K in the further strike](https://preview.redd.it/4qqy16g1pxmc1.png?width=1145&format=png&auto=webp&s=a728d9de4cce3932da51ab706f2b998544faf818)

**EDIT 2**  
I'm all in 35K YOLO on 1DTE FDs.

[Full PORT YOLO](https://preview.redd.it/lrdly6ftsxmc1.png?width=1222&format=png&auto=webp&s=8b618eaee6ee3b075a1d0d007cba84a2511ab39f)",2024-03-07,15,69
1b85sph_MRVL,MRVL,Update on my $MRVL earnings play,,2024-03-06,52,43
1b6sf0l_MRVL,MRVL,Thanks$MRVL for the gainz,"Holding these through earnings when they say their revenue from AI chips is popping off and this shit hits $100

",2024-03-05,11,15
1b6vx4c_MRVL,MRVL,mrvl earnings,,2024-03-05,1,5
1b3yvhv_MRVL,MRVL,Honest MRVL gains,Letting 20 ride through earnings,2024-03-01,32,11
13s25am_MRVL,MRVL,MRVL - YOLO,,2023-05-26,31,17
ykgwcf_MRVL,MRVL,[MRVL] When averaging down goes right {gain},,2022-11-02,4,5
xhj66q_MRVL,MRVL,Thoughts on MRVL? (Marvell Technology),"Semis are in a rough spot right now, Nvidia especially is struggling but so is the rest of the market. I like MRVL for the growth potential and with a PE ratio of 23 at the moment I feel they are priced relatively fairly compared to the rest of the semiconductor market. 

I don‚Äôt see them talked about much on here so I was just curious what other people thought about them. I do have a small position (10 shares) I want to keep adding over the next few years.",2022-09-18,23,28
wrovdy_MRVL,MRVL,"I have MRVL call expiring in 2023, Jan! Need advice","I bought the call for 12.40 sometime last year. 
37CJan20.2023 expiration.   
I lost the chance to sell it at 50.50 back in december last year. Kicking myself for it
what should i do now?  
Should i keep it till expiration and exercise?  
or sell it for whatever i can.  
It is a chip stock.",2022-08-18,1,10
uxqvay_MRVL,MRVL,"Companies with a large percentage of revenue coming from China - $NVDA , $TSLA $MRVL, Etc.",,2022-05-25,47,29
te3tw2_MRVL,MRVL,"Intuitions are loaded to the tits on stock they tell us to panic sell - over 90% ownership of share outstanding in these growth names - $VRM , $MRVL , $RBLX , $DKNG , $AFRM , $UBER",,2022-03-14,60,30
t7bafe_MRVL,MRVL,$MRVL Fraud or Opportunity?,,2022-03-05,12,4
t44bjz_MRVL,MRVL,What are yout opinions/thoughts on MRVL currently?,,2022-03-01,11,10
t1xrag_MRVL,MRVL,"$MRVL (Marvell Technology) Adderall fueled DD: A comprehensive look at the acquisition of Inphi and Innovium, Marvell's 5G exposure, the automotive segment, as well as the networking and data centre segment.",,2022-02-26,20,13
rvu6uk_MRVL,MRVL,"Marvell (MRVL) Stock Named Top Pick for 2022 at Needham, Seen as the Fastest Organically Growing Large Cap Semi Stock in Next Two Years",,2022-01-04,2,13
ra9ri5_MRVL,MRVL,Any thoughts on Marvell Tech (MRVL)?,"This past Friday, on a day where nearly all tech stocks were struggling, MRVL's latest earning reports blew expectations out of the water and they surged after hours.

Anyone have any thoughts on this company? Seems like the last discussion on it was about 10 months ago. Surprised it hasn't been mentioned more compared to the AMD, INTL, and NVDA of the worlds.",2021-12-06,19,9
r7r2c0_MRVL,MRVL,$MRVL Calls,,2021-12-03,2,5
r814kc_MRVL,MRVL,MRVL GAIN PORN,,2021-12-03,32,13
nv07ux_MRVL,MRVL,MRVL - Marvell Technology - a good technical stock?,,2021-06-08,1,7
ntrd6s_MRVL,MRVL,"Expected moves for this week: Meme stocks, SPY, Earnings in COUP, CHWY, FCEL, MRVL and more","### The Broader Markets

**Last Week ‚Äì** **SPY** finished the week inside its expected move, up about 0.5% vs the 1% move options were pricing for the week. The VIX was slightly higher mid week but closed Friday roughly unchanged from the prior week

**This Week ‚Äì SPY** options are pricing about a **1%** move (in either direction) for the upcoming week. That corresponds to about **$418** as a *bearish consensus* and **$427** as a *bullish consensus*. Expected moves for both QQQ and IWM have compressed since last week.

**Expected Moves for This Week** 

* SPY **1%** (same as last week)
* QQQ **1.3%** (less than last week)
* IWM **1.6%** (less than last week)

&#x200B;

### In the News

Meme/short squeeze stocks peaked on Thursday before a pullback into Friday. Options premium tends to spike when the stocks are squeezing higher and compress when the stocks have down days, a dynamic traders should be watchful of when positioning directionally. Expected moves for this week for some of the names in the news:

* **AMC** 40%
* **Gamestop** GME 21%
* **Blackberry** BB 24%
* **Bed Bath and Beyond** BBBY 12%
* **Virgin Galactic** SPCE 10%

### 

### Expected Moves for Companies Reporting Earnings

Earnings season continues with reports from Gamestop, Chewy, FuelCell, Coupa and more.

MONDAY

**Marvell Technology** MRVL / [Expected Move: **5%**](https://tools.optionsai.com/earnings/MRVL)[ ](https://tools.optionsai.com/earnings/COUP)/ Recent moves: -12%, -5%, +6%

**Coupa Software** COUP / [Expected Move: **7%** ](https://tools.optionsai.com/earnings/COUP)/ Recent moves: -5%, -3%, -6%

**Stitch Fix** SFIX / [Expected Move: **6%**](https://tools.optionsai.com/earnings/SFIX) / Recent moves: +3%, -8%, -2%

WEDNESDAY

**Gamestop** GME / [Expected Move: **21%**](https://tools.optionsai.com/earnings/GME) / Recent moves: -33%, -19%. -15%

**Restoration Hardware** RH **/** [Expected Move: **8%**](https://tools.optionsai.com/earnings/RH)[ ](https://tools.optionsai.com/earnings/WMT)**/** Recent moves: +9%, -3%, +20%

THURSDAY

**Chewy** CHWY / [Expected Move: **8%**](https://tools.optionsai.com/earnings/CHWY) / Recent moves: +5%, -5%, -10%

**FuelCell Energy** FCEL / [Expected Move: **14%**](https://tools.optionsai.com/earnings/FCEL)[ ](https://tools.optionsai.com/earnings/LMND)/ Recent moves: -9%, +3%, -17%

&#x200B;

Here‚Äôs an example of using the expected move to generate an Iron Condor that ‚Äúsells the move‚Äù in GME. The Condor looks to profit if GME stays within its expected move following earnings. It is a max gain between 195 and 297.50. If the stock moves beyond what options are pricing, the Condor is a max loss (with defined risk) below 190 or above 302.50:

&#x200B;

https://preview.redd.it/tzn7tkf8oo371.png?width=571&format=png&auto=webp&s=edc133ca2cd45b7d3162ed00c57ccfb1291e9a86

Trading directionally can also use the expected move to establish debit spreads to those levels in the stock. Any OTM calls or puts beyond those levels need a stock move beyond what options are pricing. Skew in the meme stocks is off the charts, as retail is reaching for OTM calls in particular way beyond what options are pricing. That can work in a traders favor to sell those OTM options to help finance closer to the money options.

Let me know in the comments if there are any interesting stocks that I missed.",2021-06-06,104,29
msx9ff_MRVL,MRVL,MRVL INPHI Merger,"Thoughts on this MRVL play?

https://investor.marvell.com/news-releases/news-release-details/shareholders-approve-proposed-acquisition-inphi-corporation

POS: 4/23 50$c 

Marvell confirmed today with a shareholder meeting their merger with INPHI. I‚Äôm thinking given this news that share price will rise in light of this news. 5G communications is on the rise and they are a great investment long term anyways.

Additionally, this transaction is expected to close around April 20th 2020.

Happy Trading",2021-04-17,7,1
mrs4wu_MRVL,MRVL,MRVL Merging with INPHI confirmation,,2021-04-16,4,15
mjc5le_MRVL,MRVL,MRVL acquisition date 4/15 play,"I am looking to get into MRVL on Monday in light of their recent shareholder meeting coming up on 4/15.

This meeting will cover a potential date for the acquisition of Inphi and this news could boost MRVL prices.

Unusual options prices for 55 and 60 Strike prices indicate potential moves to the upside in light of this shareholder meeting. 

Here‚Äôs an article to check out on the meeting:

https://www.prnewswire.com/news-releases/marvell-special-meeting-and-inphi-special-meeting-to-be-held-on-april-15-2021-301254350.html",2021-04-03,7,8
llvban_MRVL,MRVL,DD $MRVL - Marvell Technology Group,"I try daily to focus on the best companies and to invest constantly in their potential. With that said, today I will focus on the 5G sector, where the huge potential of companies competing in this field I think is not yet met. My choice is for a company from Hamilton, Bermuda, $MRVL ‚Äì Marvell Technology Group Ltd., founded in 1995. Don't confuse it with the cartoon franchise. 

$Marvell designs, develops, and sells analog, mixed-signal, digital signal processing, and embedded and standalone integrated circuits. It offers a portfolio of Ethernet solutions, including controllers, network adapters, physical transceivers, and switches; single or multiple core processors; custom application specific integrated circuits; and printer SoC products and application processors. The company also provides a range of storage products comprising storage controllers for hard disk drives (HDD) and solid-state drives that support various host system interfaces consisting of serial attached SCSI (SAS), serial advanced technology attachment (SATA), peripheral component interconnect express, non-volatile memory express (NVMe), and NVMe over fabrics; and fiber channel products, including host bus adapters, and controllers for server and storage system connectivity. 

It has operations in the United States, China, Malaysia, the Philippines, Thailand, Singapore, India, Israel, Japan, South Korea, Taiwan, and Vietnam. With its profile, it is normal that the company to be involved heavily in the 5G sector, which presents great opportunities for growth. This new industry has yet to reach maturity and companies present in the market try heavily to invest in innovation and in conquering as much market share as possible. Main competitors of $MRVL are strong also ($Micron, $qualcomm etc), but there is a shortage of reliable solutions, a lot of room to develop and occupy niches and market gaps. I think that those who will put a strong foot now, at the dawn of the 5G era, in this industry, have a lot of growth potential. 

Now, $MRVL it has a P/E Ratio (TTM) of 24.26 and an EPS of 2.18. The next earnings release is scheduled for 2nd March. Analysts expect Marvell earnings of 29 cents a share, up 71% year over year, on sales of $794.7 million, up 11%. If it hits those numbers, it will mark its fourth straight quarter of accelerating earnings growth. The company is benefiting from a cyclical upturn in semiconductor sales. I do not think this stock is overvalued and with a price right now if $52, a price target of $55 and a high estimate of $64, there is a lot of room to gain. It is normal to consider it a good buy entry point and I will invest for the next months. 

Thank you for reading and your feedback is welcomed! 

Ciprian",2021-02-17,24,7
ld59zc_MRVL,MRVL,Opinions on Marvell technology. Ticket: MRVL.,,2021-02-05,9,7
lcgvrd_MRVL,MRVL,"Thoughts on 2021 Power Stocks: $OPEN, $MRVL, $HOL, $MSFT",,2021-02-04,108,65
i040ew_MRVL,MRVL,MRVL and BILI,"High potential companies right now are currently taking the dip the past week or two, would it be the right time to invest? 

MRVL is related to 5G tech
BILI is the Chinese version of youtube",2020-07-29,2,3
g9t5h3_MRVL,MRVL,$MRVL is going to moon,"Marvell is developing the 5G chips Nokia will be using. They beat out Intel in this deal which is pretty significant. 

Considering Nokia has earnings this Thursday before open, I'm almost certain they will mention their expansion into 5G and shine the light into their partnership with Marvell. Premiums are pretty reasonable at the moment too.

https://www.reuters.com/article/us-nokia-5g-marvell/finlands-nokia-enters-5g-partnership-with-marvell-technology-idUSKBN20R2BL

https://thefly.com/landingPageNews.php?id=2980744&headline=MRVL;XLNX;NOK;SSNLF-Xilinx-ASIC-displacement-Nokia-cost-pressures-to-benefit-Marvell-says-Needham

**Positions: Strikes from $27 to $28.5, expiration dates 5/15 or 6/19 (or 5/1 if you want to make an aggressive play)**",2020-04-28,22,46
g91rgh_MRVL,MRVL,"Unusual options activity on MRVL, buy calls","Head over to unusual options activity and see what's currently #1, volume over 9000 on calls expiring may 1st. Looks to be another case of someone knows something early and are trying to cash in before end of the week. IV is also relatively low so any movement won't have IV crush, I would recommend a further expiration date however to avoid theta.

TLDR  MRVL 28c 5/15. GL",2020-04-27,19,18
cwooji_MRVL,MRVL,$MRVL Call $25.5 9/20 exp,,2019-08-28,9,16
bqn0xx_MRVL,MRVL,$MRVL trend reversal? Or will tariff man douse that fire?,,2019-05-19,5,2
bgallr_MRVL,MRVL,"MU, MRVL, and more found on new TSLA chip and new video up showing FSD! LONG",,2019-04-23,18,11
aygujs_MRVL,MRVL,MRVL ER in AH; pick a color,88% beat over the last 24 months and analysts predicting a higher than moderate ¬±5% move with options leaning towards heavy calls.,2019-03-07,5,11
auo3r6_MRVL,MRVL,Is MRVL a buy?,,2019-02-25,1,2
a3clco_MRVL,MRVL,$GS $MRVL Sentiment is trending Up,"[https://www.benzinga.com/analyst-ratings/analyst-color/18/12/12796486/goldman-sachs-double-upgrades-waste-management-says-sto](https://www.benzinga.com/analyst-ratings/analyst-color/18/12/12796486/goldman-sachs-double-upgrades-waste-management-says-sto)

[https://www.cnbc.com/2018/12/04/stocks-making-the-biggest-moves-after-hourshewlett-packard-enterprisemarvell-technology-and-more.html](https://www.cnbc.com/2018/12/04/stocks-making-the-biggest-moves-after-hourshewlett-packard-enterprisemarvell-technology-and-more.html)

&#x200B;",2018-12-05,0,0
9ejrhe_MRVL,MRVL,"Every time MRVL dips below $20 it goes back up to $21 at least, maybe more.",,2018-09-10,5,7
9dm2mp_MRVL,MRVL,MRVL earnings today,,2018-09-06,4,11
92a4o4_MRVL,MRVL,$MRVL - DD,"Here is the deal my fellow autistic morons and filthy faggots. I know most of you missed $AMD hype train. If you did not, good on you. It is time to get off that train and start preparing for the next one $MRVL.

It recently completed its acquisition of $CAVM and also has gone through the usual layoffs in the sectors where the two companies overlap. There should be quite a few savings there. The company is going to announce combined financials for the first time next month. I think it is time to load up slowly over the next two weeks.

Min. target: 24 by end of Aug. (safe bet)
Median target: 26
Outstanding: 28",2018-07-27,5,8
8ukhqj_MRVL,MRVL,Reiterating my buy on MRVL,Those of you who ignored me two days ago missed out but there‚Äôs still more room to go up. Get on board ,2018-06-28,2,11
8u15l5_MRVL,MRVL,MRVL on sale.,High 20s price target. Currently under 20. You‚Äôre welcome ,2018-06-26,1,3
8l23gm_MRVL,MRVL,$MRVL Real DD,"No this isn't your Marvel Universe Disney shit you little turds.

Marvell is a semiconductor business that has been on the up and up. It has beat ER estimates the past 5 times and the next ER is coming up on 5/31. The tech and semiconductor businesses have rallied lately, but MRVL is lagging behind. With this morning's MU news, the semiconductor market looks great. People are going to start looking at more options and this stock will go up. Price target is $30 within the next quarter. Calls are fairly cheap, if you want to yolo. \(5/15 $23\)",2018-05-21,22,12
83c33e_MRVL,MRVL,Solid $MRVL DD,,2018-03-10,28,5
7g7jwe_MRVL,MRVL,MRVL is the new MU. To the moon!,Up 5% after hours with earnings. Up 30% in past month. 3 upgrades and price target increases in past week. ,2017-11-28,4,5
7f9fhm_MRVL,MRVL,MRVL pull back - earnings on the 28th,,2017-11-24,1,0
7end0p_MRVL,MRVL,"Been bag holding for several years, finally the MRVL hype train is here!",,2017-11-22,2,5
6pqav3_MRVL,MRVL,Anyone have any insight on $MRVL,,2017-07-26,1,1
5diesv_MRVL,MRVL,$MRVL crushes earnings,,2016-11-17,1,2
48np11_MRVL,MRVL,$MRVL ??,,2016-03-02,2,1
4684nr_MRVL,MRVL,Trade Ideas 2-16-16 $SPY $NAV $CPA $DDD $MRVL $TASR,,2016-02-17,2,1
2jr5tj_MRVL,MRVL,MRVL ?,,2014-10-20,0,1
1u9h0u_MRVL,MRVL,"Greenlight Returns 20% With Gains From AAPL, VOD, GM, MRVL",,2014-01-02,3,3
1u9h0u_AAPL,AAPL,"Greenlight Returns 20% With Gains From AAPL, VOD, GM, MRVL",,2014-01-02,5,3
1kthlr_MRVL,MRVL,Anyone invested in MRVL?,,2013-08-21,11,20
15lmqt_MRVL,MRVL,Any thoughts on mrvl?,"Ofcourse its not the same, but this reminds me of when jpm took a hit due to London whale. I think it was 32 at the time.",2012-12-29,6,7
13175m_MRVL,MRVL,Shorting DELL and MRVL for earnings this week.,,2012-11-11,2,3
sse3p_MRVL,MRVL,"Apple-Fever Spreads To Its Component Makers (AAPL, AMD, BRCM, MRVL, MU, LSI, QCOM, SNDK, SWKS, TQNT)",,2012-04-25,11,2
sse3p_QCOM,QCOM,"Apple-Fever Spreads To Its Component Makers (AAPL, AMD, BRCM, MRVL, MU, LSI, QCOM, SNDK, SWKS, TQNT)",,2012-04-25,9,2
78y2t_MRVL,MRVL,"MRVL Marvell: Friedman Billings cutting estimates and tgt to $14 following BRCM, LSI, STX commentary",,2008-10-23,1,0
