Ticker,Title,Post_Date,Upvotes,Num_Comments
UNH,$UNH YOLO (1st time YOLO-er),2025-05-27,25,15
UNH,UNH : Cooked or wait till exp date?,2025-05-27,17,65
UNH,UNH is not going back to > $400,2025-05-26,1288,340
UNH,Who riding the $UNH train with me ðŸš‚ðŸš‚ðŸš‚,2025-05-25,781,540
UNH,$UNH CALL$,2025-05-25,296,120
UNH,"UNH Valuation Analysis: DCF, P/E, Analyst Ratings, Market Fluctuations",2025-05-24,94,89
UNH,I took $100K from our house sale and bought 303 shares of UNH. Wife thinks it's in a high-yield savings account.,2025-05-23,9924,2821
UNH,"I bought UNH calls, itâ€™s going to tank now, be ready",2025-05-21,229,88
UNH,Gained $2590 on UNH just to lose it the next day lmao,2025-05-21,231,66
UNH,Wolfe Research Sees Margin Recovery As Key Catalyst for Unitedhealth (UNH),2025-05-21,16,8
UNH,UNH Press release,2025-05-21,60,20
UNH,$UNH Gains,2025-05-20,153,51
UNH,UNH - heavy $30M insider buying,2025-05-19,420,101
UNH,Gambling + Luck = Gain thanks to $UNH $58K,2025-05-19,575,164
UNH,Unusual Activity: UNH Insiders and Options Traders Signal Reversal,2025-05-18,160,68
UNH,Doubled down on UNH,2025-05-15,66,235
UNH,UNH down nearly 50% in a month â€” whatâ€™s your fresh take?,2025-05-15,370,310
UNH,Whos really selling UNH right now?,2025-05-15,162,337
UNH,Learn from my UNH stock purchase history - a textbook example of catching a falling knife...,2025-05-15,113,87
UNH,"$1,330 -> $95,570 UNH puts ðŸ¤‘ beer money sorted for the month.",2025-05-15,1606,136
UNH,Yesterday $UNH buzzer beaters minted 100%,2025-05-15,147,34
UNH,Put covered my UNH losses.. should I close now or hold?,2025-05-15,93,53
UNH,"This week, took $720 to $160,000 on UNH puts",2025-05-15,3482,275
UNH,"My dad gave me 10k to invest for him thinking Iâ€™m good with stocks, lost half then took remaining and dumped it into UNH. 5k -> 30k gains",2025-05-15,3012,522
UNH,"UNH, to me, is a buy",2025-05-13,167,407
UNH,UNH suspends forecast and CEO steps down. Stock drops 15%/$53 a share in the last half hour. Down 45% in the last month. This is why you diversify. Two years ago people thought this was a blue chip company.,2025-05-13,717,209
